title,description,location,features,date,price
Sarat bose road near padopukur 3 bedroom flat for sale,Sarat bose road near padopukur 3 bedroom flat for sale with parking contact Dinesh jain Anant Property broker excuse,"India, West Bengal, Kolkata, Sarat Bose Road",3 Bds - 2 Ba - 1850 ft2,2021-08-19T02:49:59+0000,"ýýý 2,15,00,000"
,,,,,
Two BHK flat for sale,Two BHK flat for sale in Azad hind Nagar Township haldia with complete furniture and ac wardrobe ro and fan,"India, West Bengal, Haldia, Azad Hind Nagar",2 Bds - 2 Ba - 900 ft2,2021-09-29T05:06:51+0000,"ýýý 25,00,000"
,,,,,
JDA APPROVED LOANABLE 4bhk flat at Mansarover extension,It is a ready to shift 4bhk flat for sale at 200feet vande matram road Mansarover extension. It is a semi furnished flat with modeler kitchen and wardrobes in rooms. JDA APPROVED LOANABLE project. Lift Covered parking Security and water supply Lights and fan's Covered parking Gated project Promising locality All basic amenities things are available here.,"India, Rajasthan, Jaipur, Mansarovar Extension",4 Bds - 3 Ba - 1550 ft2,2021-09-29T05:06:51+0000,"ýýý 39,95,000"
,,,,,
2BHK Flat For Sell satellite,2BHK Apartments Shyamal,"India, Gujarat, Ahmedabad, Satellite",2 Bds - 2 Ba - 1450 ft2,2021-09-29T05:06:39+0000,"ýýý 55,00,000"
,,,,,
3bhk independent home,"Duplex House Built with excellent material Quality.  1 BHK on ground floor,  2 BHK on 1st floor.  Full moduler kitchen with R.O electric chimney  2km from isbt Full developed colony Ready to move.","India, Uttaranchal, Dehradun, Chandrabani",3 Bds - 3 Ba - 1800 ft2,2021-09-29T05:06:13+0000,"ýýý 46,91,000"
,,,,,
30/32 square fit,Hidden information,"India, Uttar Pradesh, Pilibhit, Mohalla Joshi Tola",2 Bds - 1 Ba - 100 ft2,2021-09-29T05:04:50+0000,"ýýý 21,00,000"
,,,,,
House for sell nai basti bijnor,House in nai basti away from chandpur rod,"India, Uttar Pradesh, Bijnor, Bokhara",,2021-09-29T05:04:31+0000,"ýýý 52,00,000"
,,,,,
4 BHK Duplex villa just Behind BBD college 'Sai Residency',"Sai Residency Gated Township Fully developed colony.  Entrance Gate Cctv cameras Developed park Temple Shops Security guards  A well Planned constructed Area- 1700 sqft 4 BHK Duplex villa with modern amenities such as Earthquake resistant structures,  modular kitchen,  stainless steel railings,  Havells Electric switches  and wardrobe.  Land Area- 1200 Sqft.  Built up Area- 1700 Sqft. Duplex  Possession Status-  Ready to move.   Address- Sai Residency just Behind BBD College Faizabad Road Lucknow.","India, Uttar Pradesh, Lucknow, Faizabad Road",4 Bds - 2 Ba - 1700 ft2,2021-09-29T05:04:28+0000,"ýýý 57,00,000"
,,,,,
"11 CENT WITH 3,400 SQFT 6 BHK INDEPENDENT HOUSE FOR SALE AT EDAPPALLY","11 CENT WITH 3,400 SQFT 6 BHK INDEPENDENT HOUSE FOR SALE AT EDAPPALLY...5 TO 6 CAR PARKING... ASKING PRICE IS 2 CR NEGOTIABLE...6 BED PLUS EXTRA SERVANT ROOM AND DRIVER ROOM...","India, Kerala, Kochi, Edappally",4+ Bds - 4+ Ba - 3400 ft2,2021-09-29T05:04:02+0000,"ýýý 2,00,00,000"
,,,,,
"Ready to move possession 3badroom kothi in,sec127 Kharar","3bhk villa s 3badroom,2modular kitchen 3washroom 2drawing room.                               SAS Nagar Mohali Kharar bus stand to site walking distance 3minutes.                                   52 villas total.                                                        Gate society boundary wall Township.                  Jaguar fitting polish work Sudan teak used carpenter work","India, Punjab, Mohali, Jhungian",3 Bds - 3 Ba - 1450 ft2,2021-09-29T05:03:57+0000,"ýýý 41,90,000"
,,,,,
Independent house,Independent house,"India, Telangana, Allipur, Zahirabad",2 Bds - 2 Ba - 140 ft2,2021-09-29T05:03:54+0000,"ýýý 45,00,000"
,,,,,
Luxary gated community apartments,"Gated community apartments 2bhk,3bhk&4bhk flats available Offer price :3200/- per sft (including car parking,club house member ship life long and amminities) Loan : 4600/- Limited offer","India, Telangana, Hyderabad, Uppal",2 Bds - 2 Ba - 1202 ft2,2021-09-29T05:03:49+0000,"ýýý 39,00,000"
,,,,,
Villa &amp; Plot @ Medavakkam To Chettalapakkam,Dtcp Approved Residential Plots Villa 30 Feet Black Top Road Sorunding By House Sweet Ground Water Close Bus's Stop Near Prince Venkateshwara Collage,"India, Tamil Nadu, Chennai, Ponmar",2 Bds - 2 Ba - 1300 ft2,2021-09-29T05:03:35+0000,"ýýý 42,00,000"
,,,,,
Near to Infopark,Semi furnished flat ready to move in near to Infopark,"India, Kerala, Kochi, Kakkanad",2 Bds - 2 Ba - 1310 ft2,2021-09-29T05:03:16+0000,"ýýý 56,00,000"
,,,,,
Ready to move for possession independent kothi for sale sector 125,Ready to move possession independent kothi for sale125 sector,"India, Punjab, Kharar, Sunny Enclave",3 Bds - 3 Ba - 1500 ft2,2021-09-29T05:03:10+0000,"ýýý 56,90,000"
,,,,,
2bed room house well maintained and opening done in 2017,Very nice 2bhk on the 1st floor,"India, Andhra Pradesh, Anantapur, Rudrampeta",2 Bds - 2 Ba - 1080 ft2,2021-09-29T05:02:47+0000,"ýýý 32,00,000"
,,,,,
At Valsad - Own a 3BHK Home in just 25 lacs.,"At Valsad we have launched a Beautiful 3BHK Row House in the prime location.  Good for residential as well as for investment purpose with good ROI.  90% Loan Facilities Available in our Project.   All the modern amenities are a part of the campus.  Ready to move property.  We have amazing customised design available for you as per your choice and needs.  We help you build your dream house which will give you a peaceful living in the best price.  We have very amazing and very beautiful bungalows with choices available.  Our Row House has 3 bed room and 1 hall and also 1 balcony and 1 kitchen area which makes the best of your dream home.  It's a semi furnished row house which includes kitchen trolley and storage area.  We give 24 hours security and CCTV surveillance that makes our project best for living purpose.  A private car parking alloted to all the owners.   We also offer china mojec in terrce area.  We use good quality material for construction as per the need & choice of customer.   We use only ambuja and altratech cement for construction.   We use Only isi mark brands in our projects.  We have house and plots in vashiyar, tithal, Abrama and mogravadi.   Price of Row House starts from 25 lacs onwards.  Just visit one time at our projects before you plan to buy any home in valsad.  We are sure we have the best and lowest deal for you from any of our competitor.  Terms & Conditions Apply.  For any other details contact me.","India, Gujarat, Vapi, Dungra",3 Bds - 3 Ba - 2000 ft2,2021-06-25T04:09:36+0000,"ýýý 25,00,000"
,,,,,
Peroorkada Vazhayila villas 4.75 Cents 1800 sqft 4Bed attached 21 unit,"FOR SALE  Perookada Vazhayila villas/ House Gated Community.Luxury  Amenities . Red Brick construction .  200 Cent. 21 Unit . 100 meter From Bus stop and junction.  5km From kowdiar palace.City Limit Trivandrum Real estate.City limit.Corporation limit.  Price Start at 79 lakh slightly negotiable      4.6Cents and 1800 Sqft 3 Bed Attached   5.5 Cents 2300 Sqft 4Bed Attached   21 unit 10 unit sold out 11 villas available for sale   7cents 2500 Sqft 4 Bed Attached   10 Cents 2800 to 3000 Sqft 4 Bed Attached .  LOCATION .  Vazhayila Vattiyoorkave Road 100 meter From Bus stop junction 5km From kowdiar palace  meter  From junction Walking Distance From Bus stop .  200 Cents 21 Villas Gated Community   Villa / House project at Vazhayila in peroorkada Trivandrum .  Construction Status - on Going 60 Sold  out Red Brick construction with international Standards Fully using Branded Materials   Land area - 4.75  to 15 Cent   Bed and Bath - 3,4, 5    Car parking  - 2    Bank Loan -  I am also a bank loan consultant. If buyer is interest to buy this Property, i can provide loan through Banks like Sbi , Hdfc , Canara Bank , Idbi Bank etc . We can provide Loan 80 % From Sale amount.  Amenities - Multi purpose Court (Badminton, Basketball), recreation area, Childrenï¿½ï¿½ï¿½s Play area, Guest Car parking area 24 hr CCTV Security, and moreï¿½ï¿½ï¿½  Near By Surroundings  Walking Distance From Bus stop .Auto Taxi stand . Market . Super Market . St Thomas School .   Near by locations  Peroorkada , vazhayila , Vattiyoorkavu . Nettayam , Isro , kowdiar palace , Ambalamukku etc ,   Note -  We are one of the leading Real estate Consultants and selling experts in Trivandrum  IF you having any property sell in Trivandrum let me know . You can contact me in My WhatsApp number .    R","India, Kerala, Thiruvananthapuram, Vazhayila",4 Bds - 4 Ba - 1800 ft2,2021-08-08T08:48:42+0000,"ýýý 7,90,00,000"
,,,,,
2 BHK ï¿½ï¿½ï¿½ï¿½ï¿½ï¿½ï¿½ï¿½ï¿½ï¿½ï¿½ï¿½ï¿½ï¿½ï¿½ï¿½ï¿½ï¿½ï¿½ï¿½ï¿½ï¿½ï¿½ï¿½ 2.67 lac ï¿½ï¿½ï¿½ï¿½ï¿½ï¿½ï¿½ï¿½ï¿½ï¿½ï¿½ï¿½ï¿½ï¿½ï¿½ï¿½ï¿½ï¿½ï¿½ï¿,"Ready to shift 2 bhk at Mansarovar ext. Near Iskon temple  With Gated lane CCTV cameras,. Lift Modular kitchen, False ceiling,,, Wardrobes RO Chimney Separate water tank Also avail subsidy upto Rs 2 .67 lacs","India, Rajasthan, Jaipur, Mansarovar",2 Bds - 2 Ba - 1050 ft2,2021-09-02T16:43:31+0000,"ýýý 20,21,000"
,,,,,
"! MAGNIFICENT 3BHK FLAT AT VTP PEGASUS, KHARADI AT 85.50 LACS ONLY.","**NO BROKERAGE**  ! MAGNIFICENT 3BHK FLAT AT VTP PEGASUS, KHARADI AT 85.50 LACS ONLY. 1530 SQFT.  BIGGEST TOWNSHIP OF KHARADI !!!  103 ACRES   PREMIUM AMENITIES LIKE HORSE   RIDING, CRICKET GROUND ETC.  MIVAN CONSTRUCTION  3BHK 85.50 LACS   ALL INCLUSIVE  CALL IMMEDIATELY","India, Maharashtra, Pune, Kharadi",3 Bds - 3 Ba - 1530 ft2,2021-09-29T05:02:34+0000,"ýýý 85,50,000"
,,,,,
Under construction luxury 2bhk flat for sale in Chiyyaram,"Under construction 2bhk, 3bhk , and  4bhk flat for sale in Chiyyaram just 4km from Thrissur round.   With all necessary amenities.   Lift  Generator back up Security 1 year free maintainance Gym area Children's play area Party area Recreation Hall Meeting Hall Fire safety etc  Project approved by SBI, SOUTH INDIAN BANK and ICICI BANK","India, Kerala, Thrissur, Chiyyaram",2 Bds - 2 Ba - 980 ft2,2021-09-29T05:01:17+0000,"ýýý 34,99,999"
,,,,,
Good quality construction 2BHK Flats,"The project comprises 2, 3 & 4 BHK luxury apartments. Every Apartment is designed for comfort and utility without compromising on quality. The apartments which come at affordable prices is ideal for semi-urban living with all the amenities and conveniences close at hand.  Ideal for HOLIDAY HOME For NRI as it is Leisure filled Location with easy accessibility to all the major converging places, tour locations and rail/road and airport facilities.  Common Amenities  Roof Top Party Area  Landscaped Garden  Passenger Lift & Service Lift.  24 Hours Security Service  24 Hours power Supply  Guest car parking  BANK LOAN AVAILABLE","India, Kerala, Thrissur, Chiyyaram",2 Bds - 2 Ba - 1000 ft2,2021-09-29T05:01:17+0000,"ýýý 34,99,999"
,,,,,
Hurry Up! Classic 2 BHK  budgeted flats for sale in Manuti,The Project is ideally located between Thrissur and Cochin International Airport on Mannuthy ï¿½ï¿½ï¿½ Nadathara Road with easy accessibility of Just 750 meters to NH 47.  Common Amenities   Roof Garden  Indoor Game Area  Party Hall  Children's Play Area  Pro Differently Abled Architecture  Biobin & STP  BANK LOAN AVA,"India, Kerala, Thrissur, Manuti",2 Bds - 2 Ba - 790 ft2,2021-09-29T05:01:17+0000,"ýýý 25,99,999"
,,,,,
Spacious 4bhk luxury  apartment in Koorkencherry at affordable rates,"Ideal for HOLIDAY HOME For NRI as it is Leisure filled Location with easy accessibility to all the major converging places, tour locations and rail/road and airport facilities  BANK LOAN AVAILABLE","India, Kerala, Thrissur, Koorkenchery",4 Bds - 4 Ba - 2035 ft2,2021-09-29T05:01:17+0000,"ýýý 70,99,999"
,,,,,
NEARBY AIIMS HOSPITAL FULLY FURNISHED 3BHK FLAT,"3 Geysers Havelss Ke  Fridge double door Washing machine fully automatic.  Inverter in full house  Two 4k android sony TV brand new  65 inch, 55 inch  3 brand new AC Complete wooden flooring  Modular kitchen  Grill in entire house New sofa and dining  Beds Wardrobes tv units  80000 ka new AC in drawing room  2.5 ton Mitsubishi   Kabir Nagar, Barsana Enclave,3BHK Flat Details Carpet - 1435sqft SBP - 2100sqft NORTH Facing  Faayde ka sauda hai   Fully Furnished House Naya Furnish hua hai. Furnishing not older than 1 yr","India, Chhattisgarh, Raipur, Mohba Bazar",3 Bds - 3 Ba - 2100 ft2,2021-09-29T05:01:16+0000,"ýýý 75,00,000"
,,,,,
"2BHK 111 GAJ BIG SIZE FLAT MAIN HIGHWAY GATED SOCIETY, FULLY FURNISHED","2BHK SPACIOUS FLAT FOR SALE AT MAIN KHARAR LANDRAN HIGHWAY, MOHALI.  111 GAJ FULLY FURNISHED READY TO MOVE FLAT OPP. SUBWAY.   DIRECT DEAL WITH BUILDER      - NO GST -  Second floor- 27.90 lacs First floor     - 28.90 lacs Ground floor- 29.90 lacs  Booking amount  21000/- PMAY subsidy available 2.67 lacs Get furniture up to 1.50 lacs FREE","India, Punjab, Mohali, Sector 115",2 Bds - 2 Ba - 1000 ft2,2021-09-29T05:01:16+0000,"ýýý 28,50,000"
,,,,,
2BHK FULLY FURNISHED IMMEDIATELY SALE AT 27.90LAC ON MAIN HIGHWAY,"2bhk ready to move fully furnished spacious flat for sale near airport road sector 115, Mohali.  BOOK YOUR HOME ONLY AT 21000/- 90% LAON FACING AVAILABLE FROM ALL LEADING BANK.  10% DOWN PAYMENT  RO  CHIMNEY DOUBLE BED SOFA SET  CUPBOARDS MODULAR KITCHEN DOWN CEILING LED LIGHTS LED PANEL DAILY NEEDS NEAR BY 600+ FAMILIES LIVING HAPPILY IN THE SOCIETY","India, Punjab, Mohali, Sector 115",2 Bds - 2 Ba - 1000 ft2,2021-09-29T05:01:16+0000,"ýýý 28,50,000"
,,,,,
"2BHK FULLY FURNISHED MAIN HIGHWAY GATED SOCIETY, MOHALI","2BHK ready to move fully furnished spacious flat for sale at main highway, Mohali.   Booking amount  21000/- PMAY subsidy available 2.67 lacs Get furniture up to 1.50 lacs FREE","India, Punjab, Kharar, Sector 115",2 Bds - 2 Ba - 1002 ft2,2021-09-29T05:01:16+0000,"ýýý 28,50,000"
,,,,,
1BHK MAIN HIGHWAY GATED SOCIETY FULLY FURNISHED SPACIOUS LUXURY FLAT,* Special Saturday and Sunday offers *  1bhk very spacious and luxury flat on the highway project ready to move fully furnished.   1bhk Flat starting at 14.90lac fully furnished +cash discount  2bhk Flat starting at 17.51lac fully furnished + cash discount  3bhk Flat starting at 30.90lac fully furnished + cash discount   Saturday Sunday free Offer are :-  #Free car parking  # Free RO # Free chimney  # modular kitchen  # Cupboards # free double bed # free sofa set # Pradhan mantri awas yojna 2.67lac,"India, Punjab, Mohali, Sector 115",1 Bds - 1 Ba - 620 ft2,2021-09-29T05:01:16+0000,"ýýý 16,90,000"
,,,,,
2BHK ON MAIN HIGHWAY FULLY FURNISHED LOW PRICE GATED SOCIETY,"2bhk ready to move luxurious spacious, gated society project, 100 mtrs from main highway, 100 mtrs from main market, Mohali.   No compromise with construction quality Earthquake resistance structure  -Book your dream home at just 21000/- -Get furniture up to 1.50 lacs FREE FREE FREE  -Save your 2.67 lacs under subsidy PMAY.            PRICE NEGOTIABLE  Special offers :-  * RO * Chimney * LED Panel in each room * Wallpaper in each room * Modular kitchen * Cupboards in each room * Down ceiling in all flat * LED Lights in all flat * Double bed * Sofa set","India, Punjab, Kharar, Sector 115",2 Bds - 2 Ba - 1000 ft2,2021-09-29T05:01:16+0000,"ýýý 28,49,500"
,,,,,
Ready 6 in m Luxury Flats,Gated Community Amenities: Clubhouse Swimming pool 24/7 Security  Intercom calling system Commercial Complex Hospital Restaurant Gymnasium Indoor Games Convention center Suite rooms Lounge area   Down payment 7 Lakhs We arrange Bank loan for all income Groups  Free site visit contact us,"India, Andhra Pradesh, Rajahmundry, Diwancheruvu",2 Bds - 2 Ba - 1200 ft2,2021-09-05T18:00:40+0000,"ýýý 34,80,000"
,,,,,
3BHK gated villas near Vattiyoorkavu. 4.3 cents+ 1780 sqft area.,Silver Castle Green Woods is our ongoing premium Villa project located at Moonnamodu near Vattiyoorkavu. This project has a choice of 9 independent Villas in 3 BHK configurations available from 4.30 cents to 6 cents of land.  Villa 1 - 4.90 Cents/1950 sq.ft Villa 2 - 5.30 Cents/2120 sq.ft ï¿½ï¿½ Villa 3 - 6.0 ï¿½ï¿½ Cents/2120 sq.ft Villa 4 - 5.0 ï¿½ï¿½ Cents/1780 sq.ft  Villa 5 - 4.30 Cents/1780 sq.ft  Villa 6 - 4.35 Cents/1780 sq.ft Villa 8 - 5.35 Cents/1950 sq.ft  Project Benefits:  Independent house within a gated community. 24x7 Water Supply. 3 Phase electricity connection. waste Management. No monthly maintenance cost. Solar Powered common area lighting. Landscaped Villas. Premium Branded Materials. Common well. Close to major schools. Surveillance & security system.  Project Advantage  Saraswathi Vidyalaya - 3 Kms Vattiyoorkavu Jn. - 2.8 Kms ARR Public School - 2.6 Kms Sasthamangalam Jn. - 5.8 Kms Ramakrishna Mission Hospital - 5.8 Kms. Railway Station - 10 Kms. Airport - 13 Kms.  We can arrange for hom any of the leading banks,"India, Kerala, Thiruvananthapuram, Vattiyoorkavu",3 Bds - 3 Ba - 1780 ft2,2021-09-13T10:24:18+0000,"ýýý 63,00,000"
,,,,,
2bhk Fully Furnished Flat Ready to Move in Gated Society,Direct deal with builder 2bhk ready to move with fully furnished flat at very good location in sector 127 just in 26.90 lacs   Booked your dream home just in 11000/- Token   Modular kitchen     LED lights     Cup Boards     Electric chimney     Ceiling fans     R.O     Bed box      3 LED panels      7 seater soffa with center table          LED tv     Wallpaper     1Designed wall      FULL FLAT FALL CEILING      all daily need are near by         2.67 lakes subsidy under PMAY     10% down payment and 90% loan facility,"India, Punjab, Mohali, Sector 127",2 Bds - 2 Ba - 940 ft2,2021-09-05T12:46:18+0000,"ýýý 27,85,000"
,,,,,
2BHK#SPACIOUS FLAT#MAIN HIGHWAY#FOR IMMEDIATELY SALE#AT LOW PRICE,"2Bhk ready to move fully furnished flat on main highway, big size, low price.   No compromise with construction quality Earthquake resistance structure  -Book your dream home at just 21000/- -Get furniture up to 1.50 lacs FREE FREE FREE  -Save your 2.67 lacs under subsidy PMAY.            PRICE NEGOTIABLE  Special offers :-  * RO * Chimey * Modular kitchen * Cupboards  * Down ceiling in all flat * LED Lights in all flat * Double bed","India, Punjab, Mohali, Sector 115",2 Bds - 2 Ba - 1000 ft2,2021-09-29T05:01:16+0000,"ýýý 28,50,000"
,,,,,
152 yard double story ready to move house for sale in prime location,"Dream House For Sale In Best Location  Krishna Garden Khandwala Chowk Back Side Ocm Mill Amritsar   152 Yard Price 34 lakh Registery, intekal, noc pass  All Documents are Clear for Loan upto 70% ( Get upto 2.70Lakh Subsidy on Loan Scheme of Pardhan Mantri Awaas Yogna)  3 Bedrooms With Hd Wallpapers  Italian Kitchen  Open duct  Stylish Lobby with Pvc Designed  Drawing room  Car porch  Teckcher paint  Anchor wire and switches   All material used good quality   Call for more info  Sunil kumar","India, Punjab, Amritsar, Chheharta",3 Bds - 4 Ba - 1600 ft2,2021-09-29T05:01:16+0000,"ýýý 34,00,000"
,,,,,
Newly Built House For Sale In Best Location,135 Yard Newly Built House For Sale In Best Location Pritam City Khandwala Chowk Back Side preet vihar purani chungi Amritsar   135 Yard Price 30 lakh Noc Pass  All Documents Are Clear For Loan Upto 70%  ( Get upto 2.70Lakh Subsidy on Loan Scheme of Pardhan Mantri Awaas Yogna)  2 Bedrooms With Attached Bathrooms  Italian Kitchen  Open Duct  Stylish Lobby With Pvc Designed  Drawing Room With Framing  Parking For Sedan Car  Teckcher Paint  Anchor Wire  Anchor Switches  All Material Used Good Quality   It's Fully Residential colony  30ft Road  Green Belt  Plantation  Sewrege And Street Lights  Neat And Clean Colony   Security Guard  Very Good For Residence   Call For More Info  Sunil kumar,"India, Punjab, Amritsar, Kot Khalsa",2 Bds - 3 Ba - 1450 ft2,2021-09-29T05:01:16+0000,"ýýý 30,99,899"
,,,,,
1012 sqft new flat in railway station road,1012 sqft new flat in railway station road,"India, West Bengal, Kolkata, New Barrackpore",2 Bds - 2 Ba - 1012 ft2,2021-09-29T05:01:15+0000,"ýýý 24,79,000"
,,,,,
My Villas 4Bhk Thirumala Pidarm Tvm,4cent1900sq4bhk,"India, Kerala, Thiruvananthapuram, Thirumala",4 Bds - 4 Ba - 1900 ft2,2021-09-29T05:01:15+0000,"ýýý 58,00,000"
,,,,,
1 BHK Flat for Sale in Ornate Heights Annex Vasai East Mumbai,Ornate Universal luxurious project - ORNATE HEIGHTS ANNEX  @ prime location  Premium 1 BHK Flat @36.5 Lacs onwards Luxury 1 BHK Flat @37 Lacs onwards  Sample Flat is Ready.  ï¿½ï¿½ï¿½ Bigger Carpet Area ï¿½ï¿½ï¿½ Payment Flexibility ï¿½ï¿½ï¿½ Upcoming Smart City ï¿½ï¿½ï¿½ Ready Infrastructure ï¿½ï¿½ï¿½ Higher Return on Investment  Contact Us to Know,"India, Maharashtra, Mumbai, Vasai East",1 Bds - 1 Ba - 580 ft2,2021-09-29T05:01:15+0000,"ýýý 36,50,000"
,,,,,
"! MAGNIFICENT 3BHK FLAT AT VTP PEGASUS, KESHAV NAVGAR AT 76.50 LACS.","**NO BROKERAGE**  ! MAGNIFICENT 3BHK FLAT AT VTP PEGASUS, KESHAV NAVGAR AT 76.50 LACS.1030 SQFT.  BIGGEST TOWNSHIP OF KHARADI !!! 103 ACRES   PREMIUM AMENITIES LIKE HORSE RIDING, CRICKET GROUND ETC.  MIVAN CONSTRUCTION  3BHK 76.50 LACS   ALL INCLUSIVE  CALL IMMEDIATELY","India, Maharashtra, Pune, Kharadi",3 Bds - 3 Ba - 1330 ft2,2021-09-29T05:01:14+0000,"ýýý 76,50,000"
,,,,,
2BHK+STUDY || 1150 Sqrft || Noida Extension | Affordable flats,2BHK+STUDY || 1150 Sqrft || Noida Extension | Affordable flats,"India, Uttar Pradesh, Noida, Noida Extension",3 Bds - 2 Ba - 1150 ft2,2021-09-29T05:02:25+0000,"ýýý 28,00,000"
,,,,,
"8 Cent ,House For Sale ,Pala ,Ponkunnam","ýýýýýý ýýýýýýýýýýýý ,ýýýýýýýýýýýýýýýýýýýýýýýýýýý, ýýýýýý ýýýýýýýýýýýýýýýýýýýýý ýýýýýýýýýýýýýýýýýýýýý  800 ýýýýýýýýýýýýýýýýýý ýýýýýýýýýýýýýýýýýýýýýýýý.  ýýýýýý 8 Cent ýýýýýýýýýýýýýýýýýýýýý, ýýýýýý 1350 Sqft ýýýýýýýýýýýýýýý ýýýýýýýýýýýýýýýýýýýýýýýýýýýýýýýýýýýýýýý. ýýýýýý 3 Bedrooms Attached. ýýýýýý Price : 48 Lakhs Negotiable. ýýýýýý Good Residential Area.  ýýýýýý ýýýýýýýýýýýý ,ýýýýýýýýýýýýýýýýýý ýýýýýýýýýýýýýýýýýýýýýýýýýýýýýý. ýýýýýý ýýýýýýýýýýýýýýýýýý ýýýýýýýýýýýýýýý ýýýýýýýýýýýýýýýýýý ýýýýýýýýýýýýýýýýýýýýýýýý ýýýýýýýýýýýýýýý. ýýýýýý ýýýýýýýýýýýýýýýýýý ýýýýýýýýý ýýýýýýýýýýýýýýýýýýýýýýýýýýýýýý ýýýýýýýýýýýýýýýýýýýýýýýý.  ýýýýýýýýýýýýýýýýýýýýýýýýýýýýýý ýýýýýýýýýýýýýýýýýýýýýýýýýýý ýýýýýýýýýýýýýýýýýý ýýýýýýýýýýýýýýýýýýýýýýýýýýýýýýýýý ýýýýýýýýýýýýýýýýýýýýýýýý ýýýýýýýýýýýýýýýýýý MEENACHIL HOMES ýýýýýýýýýýýýýýý ýýýýýýýýýýýýýýýýýýýýý ýýýýýýýýýýýýýýýýýý ,SUBSCRIBE ýýýýýýýýýýýýýýýýýý.  *ýýýýýýýýýýýýýýýýýý DETAILS ýýýýýýýýýýýýýýýýýýýýýýýýýýýýýýýýýýýý ýýýýýýýýýýýý ýýýýýýýýýýýýýýýýýýýýýýýýýýýýýýýýýýýýýýýýýý ýýýýýýýýýýýýýýýýýýýýý CALL ýýýýýýýýýýýýýýýýýý.","India, Kerala, Palai, Meenachil",3 Bds - 3 Ba - 1350 ft2,2021-09-29T05:02:00+0000,"ýýý 48,00,000"
,,,,,
Manimala veedum 10 sentum road side.near manimala500meter,Money money,"India, Kerala, Kottayam, Manimala",2 Bds - 1 Ba - 450 ft2,2021-09-29T05:01:35+0000,"ýýý 4,50,000"
,,,,,
2bhk indipendent flat,2bhk READY TO MOVE WITH fully furnished flat at very good location in SEC-127 JUST IN 28.50LACS *Booked your dream home JUST IN 11000/- TOKEN  *SPECIAL OFFERS.   #Modular Kitchen # Led lights #Cup Boards  #Electric Chimney #Ceiling Fans #R.O BED BOX #LED TV #WALLPAPER #near by market   2.67 lakes SubsidKy under (Pardhan Mantry Awash Yojna) 10% DOWN PAYMENT AND 90% Loan facility.,"India, Punjab, Kharar, Sector 127",2 Bds - 2 Ba - 1100 ft2,2021-09-29T05:01:21+0000,"ýýý 28,50,000"
,,,,,
4flors 4 2bedroom houses 45000 rental coming  magunta lay out,4flors building in magunta lay out 45000 rents clear title,"India, Andhra Pradesh, Nellore, Magunta Subbarammireddy Nagar",4 Bds - 3 Ba - 1 ft2,2021-09-29T05:01:21+0000,"ýýý 1,24,00,000"
,,,,,
North east corner 20ank site 100 meter distance from main road,Super property loan facility available,"India, Andhra Pradesh, Nellore, Kohtur",1 Bds - 2 Ba - 1 ft2,2021-09-29T05:01:21+0000,"ýýý 26,00,000"
,,,,,
G plus 3 building 36000 rents magunta  lay out  100 metres from main,Near by main road interested buyers contact me     clear title you want more information call,"India, Andhra Pradesh, Nellore, Magunta Subbarammireddy Nagar",4 Bds - 4 Ba - 1 ft2,2021-09-29T05:01:21+0000,"ýýý 95,00,000"
,,,,,
Bv nagar 2bedroom  duplex 33lax loans facility,Near by sai baba Temple bv nagar,"India, Andhra Pradesh, Nellore, B V Nagar",2 Bds - 2 Ba - 1 ft2,2021-09-29T05:01:21+0000,"ýýý 34,00,000"
,,,,,
"6.5 Cent ,House For Sale ,Piravithanam ,Pala ,Thodupuzha Road","ýýýýýý ýýýýýýýýýýýýýýýýýýýýýýýýýýýýýýýýý , ýýýýýý ýýýýýýýýýýýý ,ýýýýýýýýýýýýýýýýýýýýý ýýýýýýýýýýýýýýý.  ýýýýýý 6.5 Cent ýýýýýýýýýýýýýýýýýýýýý, ýýýýýý1300 Sqft ýýýýýýýýýýýýýýý, ýýýýýýýýýýýýýýý ýýýýýýýýýýýý ýýýýýýýýýýýýýýýýýýýýýýýýýýýýýýýýýýýýýýý.  ýýýýýý 3 Bedrooms Attached. ýýýýýý Price : 42 Lakhs Negotiable. ýýýýýý Residential Area.  ýýýýýý ýýýýýýýýýýýýýýýýýýýýý ýýýýýýýýýýýýýýýýýý ýýýýýýýýýýýýýýýýýýýýýýýýýýýýýýýýýýýýýýýýýý ýýýýýýýýýýýýýýýýýýýýýýýý ýýýýýýýýýýýý.  ýýýýýý ýýýýýýýýýýýý ,ýýýýýýýýýýýýýýýýýý ýýýýýýýýýýýýýýýýýýýýýýýýýýýýýý. ýýýýýý ýýýýýýýýýýýýýýýýýý ýýýýýýýýýýýýýýý ýýýýýýýýýýýýýýýýýý ýýýýýýýýýýýýýýýýýýýýýýýý ýýýýýýýýýýýýýýý. ýýýýýý ýýýýýýýýýýýýýýýýýý ýýýýýýýýý ýýýýýýýýýýýýýýýýýýýýýýýýýýýýýý ýýýýýýýýýýýýýýýýýýýýýýýý.  ýýýýýýýýýýýýýýýýýýýýýýýýýýýýýý ýýýýýýýýýýýýýýýýýýýýýýýýýýý ýýýýýýýýýýýýýýýýýý ýýýýýýýýýýýýýýýýýýýýýýýýýýýýýýýýý ýýýýýýýýýýýýýýýýýýýýýýýý ýýýýýýýýýýýýýýýýýý MEENACHIL HOMES ýýýýýýýýýýýýýýý ýýýýýýýýýýýýýýýýýýýýý ýýýýýýýýýýýýýýýýýý ,SUBSCRIBE ýýýýýýýýýýýýýýýýýý.  *ýýýýýýýýýýýýýýýýýý DETAILS ï¿½ï¿½ï¿½ï¿½ï¿½ï¿½ï¿½ï¿½ï¿½ï¿½ï¿½ï¿½ï¿½ï¿½ï¿½ï¿½ï¿½ï¿½ï¿½ï¿½ï¿½ï¿½ï¿½ï¿½ï¿½ï¿½ï¿½ï¿½ï¿½ï¿½ï¿½ï¿½ï¿½ï¿½ï¿½ï¿½ ï¿½ï¿½ï¿½ï¿½ï¿½ï¿½ï¿½ï¿½ï¿½ï¿½","India, Kerala, Palai, Meenachil",3 Bds - 3 Ba - 1300 ft2,2021-09-29T05:01:19+0000,"ýýý 42,00,000"
,,,,,
"House For Sale ,20 Cent ,Pala ,Melukav Road.","ýýýýýý ýýýýýýýýýýýý ,ýýýýýýýýýýýýýýýýýýýýýýýý ýýýýýýýýýýýýýýý. ýýýýýý ýýýýýýýýý ýýýýýýýýýýýýýýýýýýýýýýýý.  ýýýýýý 20 Cent ýýýýýýýýýýýýýýýýýýýýý, ýýýýýýýýýýýýýýý. 15 ýýýýýýýýýýýý ýýýýýýýýýýýýýýýýýýýýýýýýýýýýýý  ýýýýýýýýýýýý ýýýýýýýýýýýýýýýýýýýýýýýýýýýýýýýýýýýýýýý.  ýýýýýý 3 Bedrooms Attached. ýýýýýý Price : 68 Lakhs Negotiable. ýýýýýý Good Residential Area.  ýýýýýý ýýýýýýýýýýýý ,ýýýýýýýýýýýýýýýýýý ýýýýýýýýýýýýýýýýýýýýýýýýýýýýýý. ýýýýýý ýýýýýýýýýýýýýýýýýý ýýýýýýýýýýýýýýý ýýýýýýýýýýýýýýýýýý ýýýýýýýýýýýýýýýýýýýýýýýý ýýýýýýýýýýýýýýý. ýýýýýý ýýýýýýýýýýýýýýýýýý ýýýýýýýýý ýýýýýýýýýýýýýýýýýýýýýýýýýýýýýý ýýýýýýýýýýýýýýýýýýýýýýýý.  ýýýýýýýýýýýýýýýýýýýýýýýýýýýýýý ýýýýýýýýýýýýýýýýýýýýýýýýýýý ýýýýýýýýýýýýýýýýýý ýýýýýýýýýýýýýýýýýýýýýýýýýýýýýýýýý ýýýýýýýýýýýýýýýýýýýýýýýý ýýýýýýýýýýýýýýýýýý MEENACHIL HOMES ýýýýýýýýýýýýýýý ýýýýýýýýýýýýýýýýýýýýý ýýýýýýýýýýýýýýýýýý ,SUBSCRIBE ýýýýýýýýýýýýýýýýýý.  *ýýýýýýýýýýýýýýýýýý DETAILS ýýýýýýýýýýýýýýýýýýýýýýýýýýýýýýýýýýýý ýýýýýýýýýýýý ýýýýýýýýýýýýýýýýýýýýýýýýýýýýýýýýýýýýýýýýýý ýýýýýýýýýýýýýýýýýýýýý CALL ýýýýýýýýýýýýýýýýýý.","India, Kerala, Palai, Meenachil",3 Bds - 3 Ba - 0 ft2,2021-09-29T05:01:19+0000,"ýýý 68,00,000"
,,,,,
Meticulously designed 3BHK villas with ample space in Prime Location,CALL OR WHATSAPP  9500 ... 869319  RERA NO.: K-RERA/PRJ/TSR/019/2021  Low Budget Villas @ Thrissur Town Your Choice of Villa Style High Residential area & Peaceful living Friendly Neighborhood 100% Satisfaction & Safest Location  Near by Location Near Sree Vadakunathan temple Close To Kendriya Vidhyalaya School Thrissur Medical College Thrissur town  For more details contact 9500 .. 869319,"India, Kerala, Thrissur, Ayyanthole",3 Bds - 3 Ba - 1250 ft2,2021-09-29T05:01:19+0000,"ýýý 42,00,000"
,,,,,
Near Homeland Park Facing Kothi for Sale in sector 70,Near Homeland Park Facing Kothi for Sell  3 Storey Park Facing Kothi Available in Sector 70  spacious and well ventilated bedrooms   Modular Kitchen  Gated  Park Facing  Porsche sector  nearby every amenities  Call For More Details:-,"India, Punjab, Mohali, Sector 69",4 Bds - 4 Ba - 112 ft2,2021-09-29T05:01:19+0000,"ýýý 1,18,00,000"
,,,,,
Park facing 3 Storey Built-up house in prime location of Mohali,"Park facing 3 Storey Built-up house in prime location of Mohali, Sector 70  # Porsche society  # nearby market   # Park Facing  # Wood-Work  # Near Homeland  # Good Location  # Prime location  # Heart of Mohali  # Nearby hospital  Call For More Details :- 98555../..65529","India, Punjab, Mohali, Sector 70",4 Bds - 3 Ba - 112 ft2,2021-09-29T05:01:19+0000,"ýýý 1,15,00,000"
,,,,,
New houses near Kozhikode -  Thondayadu,"Thondayadu  New 4 bed room house for sale at Thondayadu. Price: 2.45 Crore, Area 10 Cents,2500 Sqft  Thondayadu  House for sale at Kozhikode - Thondayadu .Price: 1.20 Crore ,Area :8 Cents,1000 Sqft  Thondayadu  House for sale at Kozhikode -Thondayadu..Price:2 .75 Crore, Area : 13 Cents,5000 Sqft  All prices are negotiable and for full finished condition. We arrange loan facility from all leading banks.Please call Rajesh Malabar 94471934 and 24 real estate Kozhikode for more details","India, Kerala, Kozhikode, Thondayad",3 Bds - 4 Ba - 1500 ft2,2021-09-29T05:01:18+0000,"ýýý 2,45,00,000"
,,,,,
"New Beautiful House For Sale ,10 Cent ,Pala ,Ponkunnam Road","ýýýýýý ýýýýýýýýýýýý ,ýýýýýýýýýýýýýýýýýýýýýýýýýýý ýýýýýýýýýýýýýýý. ýýýýýýýýýýýýýýýýýýýýýýýýýýýýýýýýýýýýýýýýýý ýýýýýýýýýýýýýýý.  "" ï¿½ï¿½ï¿½ï¿½ï¿½ï¿½ï¿½ï¿½ï¿½ï¿½ï¿½ï¿½ï¿½ï¿½ï¿½ï¿½ï¿½ï¿½ï¿½ï¿½ï¿½ï¿½ï¿½ï¿½ï¿½ï¿½ï¿½ï¿½ï""  ï¿½ï¿½ï¿½ï¿½ï¿½ï¿½ 10  Cent ï¿½ï¿½ï¿½ï¿½ï¿½ï¿½ï¿½ï¿½ï¿½ï¿½ï¿½ï¿½ï¿½ï¿½ï¿½ï¿½ï¿½ï¿½ï¿½ï¿½ï¿½, ï¿½ï¿½ï¿½ï¿½ï¿½ï¿½ 1800 Sqft ï¿½ï¿½ï¿½ï¿½ï¿½ï¿½ï¿½ï¿½ï¿½ï¿½ï¿½ï¿½ï¿½ï¿½ï¿½. ï¿½ï¿½ï¿½ï¿½ï¿½ï¿½ï¿½ï¿½ï¿½ï¿½ï¿½ï¿½ï¿½ï¿½ï¿½ ï¿½ï¿½ï¿½ï¿½ï¿½ï¿½ï¿½ï¿½ï¿½ï¿½ï¿½ï¿½ ï¿½ï¿½ï¿½ï¿½ï¿½ï¿½ï¿½ï¿½ï¿½ï¿½ï¿½ï¿½ï¿½ï¿½ï¿½ï¿½ï¿½ï¿½ï¿½ï¿½ï¿½ï¿½ï¿½ï¿½ï¿½ï¿½ï¿½ï¿½ï¿½ï¿½ï¿½ï¿½ï¿½ï¿½ï¿½ï¿½ï¿½ï¿½ï¿½.  ï¿½ï¿½ï¿½ï¿½ï¿½ï¿½ 4 Bedrooms Attached. ï¿½ï¿½ï¿½ï¿½ï¿½ï¿½ Price : 80 Lakhs Negotiable. ï¿½ï¿½ï¿½ï¿½ï¿½ï¿½ Good Residential Area.  ï¿½ï¿½ï¿½ï¿½ï¿½ï¿½ ï¿½ï¿½ï¿½ï¿½ï¿½ï¿½ï¿½ï¿½ï¿½ï¿½ï¿½ï¿½ ,ï¿½ï¿½ï¿½ï¿½ï¿½ï¿½ï¿½ï¿½ï¿½ï¿½ï¿½ï¿½ï¿½ï¿½ï¿½ï¿½ï¿½ï¿½ ï¿½ï¿½ï¿½ï¿½ï¿½ï¿½ï¿½ï¿½ï¿½ï¿½ï¿½ï¿½ï¿½ï¿½ï¿½ï¿½ï¿½ï¿½ï¿½ï¿½ï¿½ï¿½ï¿½ï¿½ï¿½ï¿½ï¿½ï¿½ï¿½ï¿½. ï¿½ï¿½ï¿½ï¿½ï¿½ï¿½ ï¿½ï¿½ï¿½ï¿½ï¿½ï¿½ï¿½ï¿½ï¿½ï¿½ï¿½ï¿½ï¿½ï¿½ï¿½ï¿½ï¿½ï¿½ ï¿½ï¿½ï¿½ï¿½ï¿½ï¿½ï¿½ï¿½ï¿½ï¿½ï¿½ï¿½ï¿½ï¿½ï¿½ ï¿½ï¿½ï¿½ï¿½ï¿½ï¿½ï¿½ï¿½ï¿½ï¿½ï¿½ï¿½ï¿½ï¿½ï¿½ï¿½ï¿½ï¿½ ï¿½ï¿½ï¿½ï¿½ï¿½ï¿½ï¿½ï¿½ï¿½ï¿½ï¿½ï¿½ï¿½ï¿½ï¿½ï¿½ï¿½ï¿½","India, Kerala, Palai, Meenachil",4 Bds - 4 Ba - 1800 ft2,2021-09-29T05:01:18+0000,"ýýý 80,00,000"
,,,,,
NATARAJAN SARAVANAMPATTI 5.50 CENTS HOME SALE,"NATARAJAN SARAVANAMPATTI 5.50 CENTS HOME SALE  16*22 HALL  16*11 BEDROOM 2NOS 10*20 KITCHEN AND DINING  10*08 POOJA ROOM  26*26 CAR PARKING BIG SITOUT  30 FEET WIDE TAR ROAD  SATHY MAIN ROAD JUST 300 METERS ONLY BIG CARPARKING,BORE WELL,EB, SITE NEAR MODULAR BUILDINGS AND BUNGALOWS, MORE DETAILS CALL ME, NATARAJAN DREAM HOME REALTORS BROKERS PLEASE EXCUSE","India, Tamil Nadu, Coimbatore, Saravanampatti",2 Bds - 3 Ba - 1900 ft2,2021-09-29T05:01:18+0000,"ýýý 95,00,000"
,,,,,
No Brokrage ready to move grand flat new project att mira road east,"Neha Heena Presidency? Club House 24 X 7 Security Car Parking Electrical Meter Room, Sub-Station, Receiving Station Sewerage (Chamber, Lines, Septic Tank , STP) Treatment And Disposal Of Sewage And Sullage Water Water Conservation, Rain water Harvesting Water Supply Decorative Entrance Lobby Video Phone Security System Two Lifts Parking Area","India, Maharashtra, Mumbai, MIDC Road",1 Bds - 2 Ba - 700 ft2,2021-09-29T05:01:17+0000,"ýýý 59,90,000"
,,,,,
No Brokrage Grand apartment lavis flat at mira road,"This is a meticulously designed 2 bhk apartment located in vijay park, mira road and beyond. It is a freehold property. The flat is a spacious property and is . Located in an integrated society of , it has 2 bathroom(s) and 3 balcony(s).It has vitrified flooring. It requires a payable monthly maintenance costs of rs. 2500.00. It is an east facing property which offers a wonderful view of park/garden and main road. It is located on 7th floor. Full power back up. It is a corner unit located in a gated society. The apartment is approximately priced at rs. Rs 64.99 lac and its per sq.Ft. Cost is rs. 8976.00. 1 open parking.","India, Maharashtra, Mumbai, Mira Road",2 Bds - 2 Ba - 1056 ft2,2021-09-29T05:01:17+0000,"ýýý 94,99,000"
,,,,,
No Brokrage New project on sale luxurios apartment at mira road,"Situated in Mira Bhayandar at Mira Road East, RNA N G Tivoli Phase I is a residential development launched by RNA Builder (N.G). This project provides a vast range of amenities including . Prominent suburbs of Mira Bhayandar are close by and with several schools, hospitals, banks and offices situated in the proximity, the project is a preferred choice for home seekers.","India, Maharashtra, Mumbai, Mira Road",2 Bds - 2 Ba - 1020 ft2,2021-09-29T05:01:17+0000,"ýýý 78,00,000"
,,,,,
NEW PREMIUM 2BHK FLAT FOR SALE AT KEELKATTALI,"SITE ADDRES: 188, ENGINEERS AVENUE, 3RD MAIN ROAD, S.KOLATHUR, KEELKATTALAI, CHENNAI_117  AMENITIES  * COVERD CAR PARKING   * CCTV ALSO AVAILABLE  * 24/7 PURE BORE AND METRO WATER  * 1 YEAR FREE MAINTIANCES  * QUALITY CONSTRUCTIONS  * WELL DEVELOP AREA    * ACCESS TO MAIN LOCATIONS  * .5 KMS  TO 200FT RADIAL ROAD  * 1.5KMS TO KEELKATALI BUS STAND  * 1KMS CBSE AND STATE BOARD SCHOOLS    * 2 KILO METERS TO VELS ARTS AND SCIENCE COLLEGE  * NEAR TO BANKS AND SHOPS  * NEAR PLAY GROUND AREA  * 100% VASTU    ## EXTRA OF EB, CCP & REGISTRATION AND GST   FOR MORE DETAILS PLEASE CONTACT ME ARE TEXT ME   THANKS   SRM PROMOTERS  72000    15159","India, Tamil Nadu, Chennai, Kovilambakkam Engineers Avenue",2 Bds - 2 Ba - 800 ft2,2021-09-29T05:01:17+0000,"ýýý 44,80,000"
,,,,,
2 BHK APARTMENT ( RAMNAGAR) SABARMATI. READY TO MOVE,"Ready to move apartment. Well maintained property. East Facing ( according to VASTU) 24 hrs water supply. Near SBI BANK DHARAMNAGAR BRANCH. Nearest to Metro station , sabarmati police station, market ,school, hospital,  Nearest to JAIN DERASAR. 9 years old building (New condition). Basement parking , two wheeler parking, Guest parking also available. No brokerage fee, No transfer fee. Call and visit anytime.","India, Gujarat, Ahmedabad, Sabarmati",2 Bds - 2 Ba - 1170 ft2,2021-08-31T15:15:16+0000,"ýýý 52,02,020"
,,,,,
4BHK Furnished Builder Floor | Freehold | Area 150 Sqyd,"4BHK Furnished Builder Floor In Deep Vihar, Near Sec-24, Rohini.  Modular Kitchen  Katni Marble Flooring Degin Flase Ceiling Each Bedroom  4 Wooden Almirah  5 LCD TV Panel  3 Washroom  1 Balcony 1 Washing Area  Dining Area  Customized Wallpaper On Required  Jaguar Sanitary Fittings  Cob lights and concealed  Modular Switches and Shokets  CCTV  Intercom  Car Parking With lift  2000 litr Water Tank 32mm Wooden Door Veneer Door PU Polish Work We have Composted Tiles work in washroom Top to Bottom Good Location  DJB Water Supply NDPL PNG Connection Available  Loan Facility's Available  Metro Connectivity   Closed to school, collage, mall, hospital, metro.  Malik Properties & Builder's D-92- Rama Krishna Road, Deep Vihar, Near Sec-24, Rohini.","India, Delhi, Delhi, Rohini Sector 24",4 Bds - 3 Ba - 1440 ft2,2021-09-22T08:30:47+0000,"ýýý 95,00,000"
,,,,,
Best kothi for sale in your budget,"4BHK room of 2washroom & 1 Italian kitchen. "" In your pocket budget Loans facilities are available here.  security facilities are 24hour available Single gate entrance.  landscapes; * School * Hospital * Atm * Grocery store etc.  This home is ready to move residencial location in Rose avenue, Ramtirath road, By pass Amritsar.  For more informations. Kindly contact us Owner = Gaurav Arora Amritsar.  Thankyou.","India, Punjab, Amritsar, Verka",4 Bds - 2 Ba - 1800 ft2,2021-09-04T06:40:22+0000,"ýýý 30,00,000"
,,,,,
2 BHK FLAT IN CHIYYARAM FOR JUST 29.99 LAKHS,"Ongoing project consisting of 2, 3 &4 Bhk flat for sale in chiyyaram, koorkencherry.  Only few Bookings left  SBI, SIB and ICICI Bank Approved.","India, Kerala, Thrissur, Koorkenchery",2 Bds - 2 Ba - 870 ft2,2021-09-29T05:01:17+0000,"ýýý 29,99,999"
,,,,,
RERA APPROVED 2 BHK NEAR THRISSUR TOWN with all necessary amenities,"Under construction flat for sale with budget, hurry few bookings left, with all amenities like lift, generator back up, 1 year free maintenance, Gym, Childres Play Area etc  In chiyyaram","India, Kerala, Thrissur, Chiyyaram",2 Bds - 2 Ba - 825 ft2,2021-09-29T05:01:17+0000,"ýýý 29,99,999"
,,,,,
2 BHK UNDER CONSTRUCTION FLAT FOR SALE IN THRISSUR,"Under construction RERA Approved flat for sale in Chiyyaram just 4 km from Thrissur town.  SBI BANK, SOUTH INDIAN BANK, ICICI BANK project approved.  few bookings left","India, Kerala, Thrissur, Chiyyaram",2 Bds - 2 Ba - 980 ft2,2021-09-29T05:01:17+0000,"ýýý 34,99,999"
,,,,,
Under construction luxury 2bhk flat below 30lakhs,Looking for flats in koorkencherry. Sanroyal Elanta is the best choice with just 1km radius from Koorkencherry center. 2bhk flat starting from 24.99lakhs onwards. Only few bookings left  Budget friendly affordable flats with all the necessary amenities within 3km from Thrissur which makes it incomparable.  Common Amenities:-  Covered Car parking 2 Passenger lift & 1 Service lift 1 year free maintenance Roof top open party hall 24 hrs security service. Waste Management System Adequate Water supply,"India, Kerala, Thrissur, Chiyyaram",2 Bds - 2 Ba - 955 ft2,2021-09-29T05:01:17+0000,"ýýý 33,99,999"
,,,,,
Under construction luxury living within your budget.,Looking for flats in koorkencherry. Sanroyal Elanta is the best choice with just 1km radius from Koorkencherry center. 2bhk flat starting from 24.99lakhs onwards. Only few bookings left  Budget friendly affordable flats with all the necessary amenities within 3km from Thrissur which makes it incomparable.  Common Amenities:-  Covered Car parking 2 Passenger lift & 1 Service lift 1 year free maintenance Roof top open party hall 24 hrs security service. Waste Management System Adequate Water supply,"India, Kerala, Thrissur, Chiyyaram",2 Bds - 2 Ba - 980 ft2,2021-09-29T05:01:17+0000,"ýýý 34,99,989"
,,,,,
3Bhk Independent villa for sale at Vyttila.79Lasking price.,"1700sqft , 4bhk , 4bathroom , semifurnished new Independent villa for sale at Vyttila.85L Asking price.  MORE DETAILS PLEASE CALL ME..    WHITESPACE PROPERTY MANAGEMENT 9ï¿½ï¿½ï¿½ï¿½ï¿½ï¿½5ï¿½ï¿½ï¿½ï¿½ï¿½ï¿½6ï¿½ï¿½ï¿½ï¿½ï¿½ï¿½7ï¿½ï¿½ï¿½ï¿½","India, Kerala, Kochi, Vyttila",4 Bds - 4 Ba - 1700 ft2,2021-09-10T12:01:46+0000,"ýýý 79,00,000"
,,,,,
Affordable 3 Bhk in sunny enclave Mohali,"3Bhk ready to move in sector-125 Mohali  #Free car parking  #Double bed  #5 Seater sofa set  # Free RO  # Free chimney  # free geyser  # free LED panel  # modular kitchen  # Cupboards  # free 2 celling fan  # Pradhan mantri awas yojna 2.67lac  FOR FURTHER DETAILS contact me,","India, Punjab, Mohali, Sector 125",3 Bds - 3 Ba - 1130 ft2,2021-09-10T07:46:17+0000,"ýýý 30,90,000"
,,,,,
"100 sq yard, 3 BHK Villa available for sale at Malviya nagar, Jaipur.","JDA Approved, 3BHK Residential villa with beautiful interiors and good construction quality is available for sale at Malviya nagar, JLN Marg, Jaipur. 100 square yard is the total plot area of the villa dimensionally covering 15 by 60 as front and depth. It is located at NANDVIHAR, SIDDHARTH NAGAR near AIRPORT TERMINAL 2. It has a super built up area of 1800 square feet and consists of 2 floors (Ground & 1st) with 3 bedrooms, 3 washrooms, 2 balconies, separate garden and terrace and a covered car parking. It has Vaastu friendly north facing. In-house furnishings of the villa include 3 double beds, modular kitchen, wooden work, complete electrical as well as sanitary fittings & chimney. The JDA Approved villa is newly constructed and the interior is very good as it is designed by experts. The nearby locality of the villa is has the availability of all the necessary essentials with landscaped parks, temples, utility shops, developed roads, etc.   Ready to shift luxury independent house, bungalows, and duplex villa is available for sale and purchase at all posh, premium locations of Jaipur.  We have option for newly constructed beautiful ultra-luxury bungalows, independent houses, and duplex villas in gated colonies of Malviya Nagar, jln marg Jaipur. We have ready to shift independent duplex villas, house, bungalows, available under 50 lac budget in Jagatpura, Jaipur. The independent duplex villa, house, bungalows, is available for sale, purchase with garden, park facing in gated colony of Jaipur. Newly constructed fully furnished bungalows, independent house, duplex villa available for sale by top real estate agent, property dealer, and property broker in Jaipur. We have JDA approved newly constructed Bungalows, duplex villas, independent house available at very reasonable price in all areas of jaipur. Build you dream home, Bungalow, villa, independent house at posh & very prime locations of Jaipur in JDA approved colony. Crossworld Properties provide bank loanable, JDA patta, newly constructed duplex villa, house, bungalows for purchase and sale in gated township of Jaipur. We are top exclusive real estate broker, agent for luxury bungalow, duplex villa and independent house, home in Jaipur. For duplex villas, luxurious bungalows and independent house, we are most reliable trusted property agent, real estate broker at Malviya Nagar jln marg, Jagatpura. We are top and most trusted property broker or real estate agent or property dealer for newly construed 3BHK, 4BHK, 5BHK Villas, bungalows, independent house, home at Malviya Nagar, Jagatpura, and JLN Marg. Our real estate firm, brokerage firm is providing furnished, semi furnished, unfurnished luxurious bungalows, independent house, home, duplex villa in gated colony or township in Jaipur.  You can Compare, search residential houses, home, bungalows, double story villas on crossworld properties dealer, real estate broker website worldwide.    Crossworld properties is top online brokerage firm or real estate broker and sale all residential houses, villas in Jaipur.  Crossworld Properties is ISO certified and RERA Registered company If you are finding real estate agent then we are one of the top and best real estate company, realtor, consultant, agent, online property broker, dealer, brokerage firm in Jaipur for land, plots, bungalow, independent house, villa, flats, multistory apartments, commercial office, shop, building, commercial land etc.  We have several years of experience in real estate industry that made us capable to provide good deal for our customers who give them good return on their investment and the buyers get them at a low price then market price so that they always feel satisfied.  We provide investment solutions to foreign, national investors & developers interested in real estate sector primarily townships & group housing, it & commercial, hospitality & leisure, retail and industrial infrastructure apart from complete project management & agency services.","India, Rajasthan, Jaipur, Malviya Nagar",3 Bds - 3 Ba - 1800 ft2,2021-09-15T12:21:28+0000,"ýýý 85,00,000"
,,,,,
ON ROAD PROPERTY FOR SALE IN JANKIPURAM,on road LDA furnished house for sale,"India, Uttar Pradesh, Lucknow, Jankipuram",4+ Bds - 4+ Ba - 3200 ft2,2021-09-29T05:11:06+0000,"ýýý 95,00,000"
,,,,,
Furnished 2 BHK Flat for sale at Thalassery,"2 BHK Flat Furnished & Interior work completed available with all basic amenities for sale at Ambadi heights Thalassery Town , Thiruvangad, Near to Railway station , Bus station & hospital. Interested may contact","India, Kerala, Thalassery, Malabar",2 Bds - 2 Ba - 1193 ft2,2021-09-29T05:10:44+0000,"ýýý 75,00,000"
,,,,,
LUXURY FLATS HOUSES VILLAS RAJAHMUNDRY,"1BHK FLAT 11,50,000  2BHK FLAT 19LAKHS  3BHK FLAT 24.5LAKHS  4BHK FLAT 30LAKHS  1BHK Group House-14Lakhs  2BHK Group House 28Lakhs  Independent Houses 39Lakhs 42Lakhs 44Lakhs  Duplex Villas 59Lakhs 79Lakhs  500sq.yards 1BHK House 36Lakhs  80 %Loan contact SATYANARAYANA.G","India, Andhra Pradesh, Rajahmundry, Prakash Nagar",3 Bds - 3 Ba - 1600 ft2,2021-09-29T05:10:17+0000,"ýýý 30,00,000"
,,,,,
5BHK-4BHK-3BHK-2BHK-FLAT-FLOOR-PLOT -VILLA-SHOP-SHOWROOM-2-3-4-5 BHK,">RERA APPROVED PROJECT >NOW JUST PAY 10% AND BE A OWNER OF OUR LUXURIOUS DREAM HOME >APPROVED FROM ALL LEADING BANKS >NOW GET EXTRA 2.67 LAC SUBSIDY UNDER P MAY SCHEME ï¿½ï¿½ï¿½	KEY FEATURES ï¿½ï¿½ï¿½	LUSH GREEN BIG GREEN AREA >ALMOST 65% PROJECT SOLD OUT AND MANY FAMILIES ARE GOING LIVING THERE HAPPILY ï¿½ï¿½ï¿½	URBAN CONSTRUCTION DESIGN AND QUALITY ï¿½ï¿½ï¿½	LAVISH CLUB HOUSE WITH ALL AMENITIES >LOWEST MONTHLY MAINTENANCE COST PROJECT ï¿½ï¿½ï¿½	FULL SIZE DESIGNER WARDROBES IN EVERY BEDROOM ï¿½ï¿½ï¿½	MODULAR KITCHEN WITH TOP BRAND SOFT CLOSURE FITTING >24 HR SECURITY WITH 3 SIDES OPEN THE GATES ï¿½ï¿½ï¿½	24 HR POWER BACK UP >50 FEET WIDE INTERNAL ROADS WITH LUSH GREEN AREA ï¿½ï¿½ï¿½	FIRE FIGHTING SYSTEM ï¿½ï¿½ï¿½	JAQUAR FITTING ï¿½ï¿½ï¿½	VASTU FRIENDLY SOCIETY ï¿½ï¿½ï¿½	STORE LIKE D-MART,DOMINOS,BIG BAZAR,MAC D,AND MANY JUST 5 MINS WALKING DISTANCE >COMMERCIAL COMPLEX FOR OUR DAILY NEED ITEMS WITH INTERCOM AND HOME DELIVERY FACILITY  ï¿½ï¿½ï¿½	SWIMMING POOL,INDOOR OUT DOOR,GAMES FULLY EQUIPPED ZYM,BANQUET HAýý	STILL AND BASEMENT COVERED CAR PARKING >24 HR WIFI AND INTERCOM FACILITY FROM FLAT SECURITY ROOM TO  SHOWROOM FLAT ýýý	IT HUB OF TRICITY OF MORE THAN 50,000 PERSONS STAFF SO U CAN ALSO EARN A GOOD RENTAL INCOME ýýý	WITHIN 1 KM FROM TOP CLASS SCHOOL,AND COLLEGES,HOSPITALS,AND MAIN HIGHWAY >GERMAN PRE POLISHED PAVED TILES FOR DRIVE WAY AND IN PARKING AREA ýýý	FOR MORE INFO CALL OUR SENIOR SALES MANAGER _ 9888 _8_4_4_8_9_8","India, Punjab, Mohali, Sector 85",3 Bds - 3 Ba - 2200 ft2,2021-09-29T05:10:10+0000,"ýýý 70,00,000"
,,,,,
"! LAVISH 3BHK FLAT AT YASHWIN ORIZZONTE, KHARADI AT 80.50 LACS ONLY.","***NO BROKERAGE***  ! LAVISH 3BHK FLAT AT YASHWIN ORIZZONTE, KHARADI AT 80.50 LACS ONLY. 1440 SQFT.  IN MOST EXPENSIVE LOCALITY OF KHARADI  MOST REPUTED BUILDER WITH 100%  POSSESSION ON TIME RECORD  MIVAN CONSTRUCTION, NEAR  PANCHSHIL TOWERS  3BHK ï¿½ï¿½ï¿½ 80.50 LACS   ALL INC","India, Maharashtra, Pune, Kalyani Nagar",3 Bds - 3 Ba - 1440 ft2,2021-09-29T05:09:57+0000,"ýýý 80,50,000"
,,,,,
5BHK-4BHK-3BHK-2BHK-FLAT-FLOOR-PLOT -VILLA-SHOP-SHOWROOM-2-3-4-5 BHK,">RERA APPROVED PROJECT >NOW JUST PAY 10% AND BE A OWNER OF OUR LUXURIOUS DREAM HOME ï¿½ï¿½ï¿½	NOW GET EXTRA 2.67 LACS SUBSIDY UNDER P MAY SCHEME ï¿½ï¿½ï¿½	APPROVED FROM ALL LEADING BANKS ï¿½ï¿½ï¿½	KEY FEATURES ï¿½ï¿½ï¿½	LUSH GREEN BIG GREEN AREA >ALMOST 65% PROJECT SOLD OUT AND MANY FAMILIES ARE GOING LIVING THERE HAPPILY ï¿½ï¿½ï¿½	URBAN CONSTRUCTION DESIGN AND QUALITY ï¿½ï¿½ï¿½	LOWEST MONTHLY MAINTENANCE COST PROJECT >24 HR SECURITY WITH 3 SIDES OPEN THE GATES ï¿½ï¿½ï¿½	LAVISH CLUB HOUSE WITH ALL AMENITIES ï¿½ï¿½ï¿½	FULL SIZE DESIGNER WARDROBES IN EVERY BEDROOM ï¿½ï¿½ï¿½	MODULAR KITCHEN WITH TOP BRAND SOFT CLOSURE FITTING ï¿½ï¿½ï¿½	24 HR POWER BACK UP ï¿½ï¿½ï¿½	FIRE FIGHTING SYSTEM >50 FEET WIDE INTERNAL ROADS WITH LUSH GREEN AERA ï¿½ï¿½ï¿½	JAQUAR FITTING ï¿½ï¿½ï¿½	VASTU FRIENDLY SOCIETY ï¿½ï¿½ï¿½	STORE LIKE D-MART,DOMINOS,BIG BAZAR,MAC D,AND MANY JUST 5 MINS WALKING DISTANCE >COMMERCIAL COMPLEX FOR OUR DAILY NEED ITEMS WITH INTERCOM AND HOME DELIVERY FACILITY  ï¿½ï¿½ï¿½	SWIMMING POOL,INDOOR OUT DOOR,GAMES FIPE LINE ï¿½ï¿½ï¿½	STILL AND BASEMENT COVERED CAR PARKING >24 HR WIFI AND INTERCOM FACILITY FROM FLAT SECURITY ROOM TO SHOWROOM FLAT ï¿½ï¿½ï¿½	IT HUB OF TRICITY OF MORE THAN 50,000 PERSONS STAFF SO U CAN ALSO EARN A GOOD RENTAL INCOME ï¿½ï¿½ï¿½	WITHIN 1 KM FROM TOP CLASS SCHOOL,AND COLLEGES,HOSPITALS,AND MAIN HIGHWAY >GERMAN PRE POLISHED PAVED TILES FOR DRIVE WAY AND IN PARKING AREA ï¿½ï¿½ï¿½	FOR MORE INFO CALL OUR SENIOR SALES MAN","India, Punjab, Zirakpur, Ambala Chandigarh Expressway",3 Bds - 3 Ba - 2200 ft2,2021-09-29T05:09:48+0000,"ýýý 70,00,000"
,,,,,
5BHK-4BHK-3BHK-2BHK-FLAT-FLOOR-PLOT -VILLA-SHOP-SHOWROOM-2-3-4-5 BHK,">RERA APPROVED PROJECT >APPROVED FROM ALL LEADING BANKS >NNOW GET EXTRA 2.67 LAC SUBSIDY UNDER P MAY SCHEME >NOW JUST PAY 10% AND BE A OWNER OF OUR LUXURIOUS DREAM HOME ï¿½ï¿½ï¿½	KEY FEATURES ï¿½ï¿½ï¿½	LUSH GREEN BIG GREEN AREA >ALMOST 65% PROJECT SOLD OUT AND MANY FAMILIES ARE GOING LIVING THERE HAPPILY ï¿½ï¿½ï¿½	URBAN CONSTRUCTION DESIGN AND QUALITY ï¿½ï¿½ï¿½	LOWEST MONTHLY MAINTENANCE COST PROJECT >24 HR SECURITY WITH 3 SIDES OPEN THE GATES ï¿½ï¿½ï¿½	LAVISH CLUB HOUSE WITH ALL AMENITIES ï¿½ï¿½ï¿½	MODULAR KITCHEN WITH TOP BRAND SOFT CLOSURE FITTING >FULL SIZE DESIGNER WARDROBES IN EVERY BEDROOM ï¿½ï¿½ï¿½	24 HR POWER BACK UP ï¿½ï¿½ï¿½	FIRE FIGHTING SYSTEM >50 FEET WIDE INTERNAL ROADS WITH LUSH GREEN AERA ï¿½ï¿½ï¿½	JAQUAR FITTING ï¿½ï¿½ï¿½	VASTU FRIENDLY SOCIETY ï¿½ï¿½ï¿½	STORE LIKE D-MART,DOMINOS,BIG BAZAR,MAC D,AND MANY JUST 5 MINS WALKING DISTANCE >COMMERCIAL COMPLEX FOR OUR DAILY NEED ITEMS WITH INTERCOM AND HOME DELIVERY FACILITY  ï¿½ï¿½ï¿½	SWIMMING POOL,INDOOR OUT DOOR,GAMES FULLY EQUIPPED ZYM,BANQUET H>24 HR WIFI AND INTERCOM FACILITY FROM FLAT SECURITY ROOM TO SHOWROOM FLAT ï¿½ï¿½ï¿½	IT HUB OF TRICITY OF MORE THAN 50,000 PERSONS STAFF SO U CAN ALSO EARN A GOOD RENTAL INCOME >STILL AND BASEMENT AND SURFACE COVERED CAR PARKING AREA ï¿½ï¿½ï¿½	WITHIN 1 KM FROM TOP CLASS SCHOOL,AND COLLEGES,HOSPITALS,AND MAIN HIGHWAY >GERMAN PRE POLISHED PAVED TILES FOR DRIVE WAY AND IN PARKING AREA ï¿½ï¿½ï¿½	FOR MORE INFO CALL OUR SENIOR SALES MANAGER _","India, Punjab, Zirakpur, Ambala Chandigarh Expressway",3 Bds - 3 Ba - 2200 ft2,2021-09-29T05:08:54+0000,"ýýý 70,00,000"
,,,,,
2 bhk SALE IN nanganallur,"2 BHK FLAT ( 								 SIZE 	700 SQFTS								 FLOOR	1ST FLOOR		DOOR.NO. FF22						 location	NAGANALLUR 								 address	EAST MAIN ROAD, 								 area	NEAR PATHALA VINAYAGAR BACK SIDE								 amenities	MORBLE FLOORING, FULLY FURNISHED WITH TEAK WOOD, 3 PHS SUPPLY , 								 plus	24 HRS GOOD TASTY WATER , EVEN IN PEAK SUMMER TIME, OPEN CAR PARKING 								 UDS	70%(  436 SQF)								 TOTAL BLOCKS 	12 BLOCKS  EACH BLOCKS CONTAINS 16 FLATS  1+3 FLR ( IT IS LOCATED IN 6TH BLOCK )								 									 FLAT CHAR	MASTER B1 SIZE 10 X 9 ( EXCLUDE ATTACHED BATHROOM SIZE 7 X 4								 	B2 SIZE 10 X 10								 	COMM BATH SIZE 6 X 4								 	HALL SIZE : 15 X 11 AND , REST AREA 10 X 7								 	KICHEN SIZE 7 X 5								 PRICE :	38 TO 40 LKHS								 	18 + YRS OLD								 NOTE : MAINTAINING BY WELL ORGANISED RESIDENTIAL ASSOCIATION FORMD","India, Tamil Nadu, Chennai, Nanganallur Lakshmi Nagar Stage III",2 Bds - 2 Ba - 700 ft2,2021-09-29T05:08:53+0000,"ýýý 35,00,000"
,,,,,
10 Cents of Land and Terrace,"House for Sale Near Kottiyam, Kollam Kandachira Mukku,Pullichira 1.25 KM from Kottiyam Jn.  10 Cents of Land (Kara Bhoomi) and Concrete house  2 Bedrooms ( 1 Bedroom Attached Bathroom) Outside Separate bathroom and Toilet  Spacious Hall, Separate Dining Hall Spacious Kitchen with full wooden cabinets Marble counter tops Marble and Vitrified tiles flooring Well with year round water availability  If interested,Please contact by phone or whatsapp","India, Kerala, Kollam, Kottiyam",2 Bds - 2 Ba - 1350 ft2,2021-09-29T05:08:17+0000,"ýýý 35,00,000"
,,,,,
Best for family,It's best for family,"India, Maharashtra, Sinnar, Mahalaxmi Nagar",1 Bds - 1 Ba - 610 ft2,2021-09-29T05:08:08+0000,"ýýý 13,00,000"
,,,,,
5BHK-4BHK-3BHK-2BHK-FLAT-FLOOR-PLOT -VILLA-SHOP-SHOWROOM-2-3-4-5 BHK,"<>RERA APPROVED PROJECT <>NOW JUST PAY 10% AND BE A OWNER OF OUR LUXURIOUS DREAM HOME <>NOW GET EXTRA 2.67 LAC SUBSIDY UNDER PMAY SCHEME ï¿½ï¿½ï¿½	APPROVED FROM ALL LEADING BANKS ï¿½ï¿½ï¿½	KEY FEATURES ï¿½ï¿½ï¿½	LUSH GREEN BIG GREEN AREA ï¿½ï¿½ï¿½	URBAN CONSTRUCTION DESIGN AND QUALITY ï¿½ï¿½ï¿½	24 HR SECURITY WITH 3 SIDES OPEN THE GATES <>ALMOST 65% PROJECT SOLD OUT AND MANY FAMILIES ARE GOING LIVING THERE HAPPILY ï¿½ï¿½ï¿½	LOWEST MONTHLY MAINTENANCE COST PROJECT ï¿½ï¿½ï¿½	LAVISH CLUB HOUSE WITH ALL AMENITIES ï¿½ï¿½ï¿½	FULL SIZE DESIGNER WARDROBES IN EVERY BEDROOM ï¿½ï¿½ï¿½	MODULAR KITCHEN WITH TOP BRAND SOFT CLOSURE FITTING ï¿½ï¿½ï¿½	50 FEET WIDE INTERNAL ROADS WITH LUSH GREEN AREA ï¿½ï¿½ï¿½	24 HR POWER BACK UP ï¿½ï¿½ï¿½	FIRE FIGHTING SYSTEM ï¿½ï¿½ï¿½	JAQUAR FITTING ï¿½ï¿½ï¿½	VASTU FRIENDLY SOCIETY ï¿½ï¿½ï¿½	COMMERCIAL COMPLEX FOR OUR DAILY NEED ITEMS WITH INTERCOM AND HOME DELIVERY FACILITY ï¿½ï¿½ï¿½	STORE LIKE D-MART,DOMINOS,BIG BAZAR,MAC D,AND MANY JUST 5 MINS WALKING DISTANCE ï¿½ï¿½ï¿½	SWIMMING POOL,INDO AND INTERCOM FACILITY FROM FLAT SECURITY ROOMS SHOWROOMS TO FLAT ï¿½ï¿½ï¿½	INBUILT LPG GAS PIPE LINE ï¿½ï¿½ï¿½	STILL AND BASEMENT COVERED CAR PARKING ï¿½ï¿½ï¿½	IT HUB OF TRICITY OF MORE THAN 50,000 PERSONS STAFF SO U CAN ALSO EARN A GOOD RENTAL INCOME ï¿½ï¿½ï¿½	WITHIN 1 KM FROM TOP CLASS SCHOOL,AND COLLEGES,HOSPITALS,AND MAIN HIGHWAY <>GERMAN PRE POLISHED PAVED TILES FOR DRIVE WAY AND IN PARKIGN AREA ï¿½ï¿½ï¿½	FOR MORE INFO CALL OUR SENIOR SALES M","India, Punjab, Zirakpur, Patiala Road",3 Bds - 3 Ba - 2200 ft2,2021-09-29T05:07:47+0000,"ýýý 70,00,000"
,,,,,
House for sale,7.1/4 cent and 1250 sqrft house for sale.3 km near to Piravom Muncipality,"India, Kerala, Mulamthuruthy, Karatvatte Kurishu Junction",2 Bds - 1 Ba - 7 ft2,2021-09-29T05:07:44+0000,"ýýý 25,00,000"
,,,,,
Residential Flat (Jadavpur),"Flat No 8 Admeasuring Super Built Up Area Of 655 Sq Ft Approx, 2Nd Floor Of The The Building Known As Swaraswati  Apartment Constructed Upon The Land Admeasuring 5 Cottah 6 Sq Ft Approx Situated At Cs Dag No 540 Khatian No 296 & 297 Mouza Raipur Jl No 23 Within The Limits Of Kmc  Ward No 102 Postal Address-25  Baghajatin Station Road Ps Jadavpur Kolkata-700032","India, West Bengal, Kolkata, Jadavpur",2 Bds - 1 Ba - 655 ft2,2021-09-29T05:07:29+0000,"ýýý 20,00,000"
,,,,,
ýýýýýý ýýýýýýýýýýýýýýýýýýýýý ýýýýýýýýýýýý ýýýýýý ýýýýýýýýýýýýýýýýýý ýýýýýýýýýýýý 2.67 ýýýýýýýýý ýýýýýýýýý,"ýýýGated colony. ýýýAll facilities available. ýýý700+ family recidence.  ýýýProper security. ýýýLoan facility under P-May  yojna till March ýýýNo Commission  clear and fair deal ýýýSite to highway distance 3km  ýýýNearby facilities - market,school,petrol pump","India, Punjab, Ludhiana, Haider Enclave",2 Bds - 1 Ba - 560 ft2,2021-09-29T05:07:26+0000,"ýýý 12,00,000"
,,,,,
"A NEW EXTRAODINARY 3BED ROOM 1600SQ FT 6.5CENTS HOUSE IN CHEMBUKKAVU,","Property Features: A ready possession new 3 bedroom HOUSE  having 1600 Sq.Ft, available close to bus route at CHEMBUKKAVU, Thrissur. This HOUSE  is designed in modern 3 BHK, newly posh prosperous HOUSE  for Sale at CHEMBUKKAVU, Thrissur, consists of generous living, Dining, Kitchen cabinets, Kitchen platform counter top and stainless steel sink with single bowl and drain board, wardrobes, 3 baths, 1common bathroom, generous Balconies, wide work area, Superior quality vitrified tile flooring, Plastic emulsion paint for wall and ceiling, solid bricks used for construction, AC provision in all bedrooms, Provision for Geyser, good sanitary fittings, Three phase power supply or controlled by ELCB and MCB, Elegant switches, Ample car parking facility,SurroundeD, tar road frontage,Unlimited natural water supply through the internal pipeline from the open well, A host of interesting facilities ensure one gets to experience a superlative life style.  Facilities:* 4 KM FROMThrissur. Places in Vicinity: Schools& Colleges, Bank & ATMs, Worship places of all religions, Auditorium etc.  Expecting Rate; 78 LACKH (Negotiable).   We arrange Home loans facilities. If you interested & to get more details of this property, kindly contact DREAM PROPERTIES.790       72670,32","India, Kerala, Thrissur, Chembukabu",3 Bds - 3 Ba - 1600 ft2,2021-09-29T05:07:07+0000,"ýýý 78,00,000"
,,,,,
House for sale in toli chowki,"Clear title, spot registration, all taxes bills clear","India, Telangana, Hyderabad, Mehdipatnam",4+ Bds - 4 Ba - 1800 ft2,2021-09-18T06:04:54+0000,"ýýý 1,10,00,000"
,,,,,
1 BHK FLATS IN DLF ANKUR VIHAR,"* booking open   1BHK 10lacs to 15lacs  well furnished flats, all map are approved by DGA. It has ventilated and airy rooms with drawing and dining space it has a Fall ceiling POP modular kitchen  Tiles flooring wooden almirah this Property is on 30 feet wide Road.85% Home Loan Available.","India, Uttar Pradesh, Loni, DLF Ankur Vihar",1 Bds - 1 Ba - 450 ft2,2021-09-05T04:36:27+0000,"ýýý 12,21,000"
